title,organization,year,description,color,url
Google IT Support Professional Certificate,Google - Coursera,2026,"A comprehensive program covering IT fundamentals, system administration, networking, operating systems, security, and troubleshooting. Prepares learners for entry-level IT support roles with hands-on technical skills.",blue,https://www.linkedin.com/in/gladwindr/details/certifications/
Certified Social Engineering Defense Practitioner (CSEDP),The SeOps Group,2026,"Validates expertise in identifying, mitigating, and defending against social engineering attacks. Focuses on human-centric security, threat awareness, and organizational defense strategies.",blue,https://www.linkedin.com/in/gladwindr/details/certifications/
Google Cybersecurity Professional Certificate,Google - Coursera,2025,"A comprehensive cybersecurity program covering threat detection, incident response, security operations, vulnerability assessment, and risk management. Prepares learners for cybersecurity analyst roles with hands-on security tools and practices.",blue,https://www.linkedin.com/in/gladwindr/details/certifications/
Web Development NC III,Technical Education and Skills Development Authority (TESDA),2025,"A TESDA-accredited certification focused on advanced web development skills, including designing, building, and maintaining dynamic and responsive websites and web applications using modern programming languages, frameworks, and best practices.",blue,https://www.linkedin.com/in/gladwindr/details/certifications/
IBM Full Stack Software Developer Professional Certificate,IBM - Coursera,2024,"A comprehensive program covering front-end and back-end development, cloud-native tools, databases, APIs, and DevOps practices, equipping learners to build and deploy full-stack applications.",blue,https://www.linkedin.com/in/gladwindr/details/certifications/
Oracle Cloud Infrastructure 2024 Generative AI Certified Professional,Oracle,2024,"Validates expertise in implementing and managing generative AI solutions using Oracle Cloud Infrastructure, with focus on AI services, model deployment, and responsible AI practices.",blue,https://www.linkedin.com/in/gladwindr/details/certifications/
Google Cloud - Associate Cloud Engineer,Google Cloud,2024,"Demonstrates proficiency in deploying, managing, and operating applications on Google Cloud. Certified professionals can use Google Cloud Console and CLI to maintain cloud infrastructure and ensure service reliability.",blue,https://www.credly.com/badges/8d232946-d361-4110-8856-45c02ed18eb1/public_url
AWS Cloud Quest: Cloud Practitioner,AWS Cloud Quest,2024,"An interactive, game-based learning certification from AWS that introduces foundational cloud concepts, core AWS services, billing, security, and cloud architecture basics through hands-on quests in a virtual environment.",blue,https://www.credly.com/badges/4548ad6d-c842-4410-8f36-3f148d8227ee/public_url
Computer Systems Servicing NC II,Technical Education and Skills Development Authority (TESDA),2024,"A TESDA-certified qualification that trains individuals in installing, configuring, and troubleshooting computer systems and networks, performing maintenance, and supporting ICT services in accordance with industry standards.",blue,https://www.linkedin.com/in/gladwindr/details/certifications/
""Cisco Networking Academy - CCNA: Switching, Routing, and Wireless Essentials"",Cisco Networking Academy,2026,"An advanced networking certification covering enterprise switching technologies, dynamic routing protocols, wireless networking essentials, and network security fundamentals. Validates expertise in designing and implementing scalable enterprise networks.",blue,https://www.linkedin.com/in/gladwindr/details/certifications/
Nexus Cloud IT Solutions Inc.: Cisco Network Associate 200-301 Completion Certificate,Nexus Cloud IT Solutions Inc.,2025,"A comprehensive Cisco networking certification completion credential validating knowledge across network fundamentals, switching, routing, services, security, and automation. Demonstrates enterprise-level networking competency and career readiness.",blue,https://www.linkedin.com/in/gladwindr/details/certifications/
"Cisco Networking Academy - CCNA: Enterprise Networking, Security, and Automation",Cisco Networking Academy,2026,"An advanced certification covering enterprise network architectures, cybersecurity implementations, automation frameworks, and infrastructure management. Validates expertise in designing secure, scalable enterprise networks with modern automation tools and DevOps practices.",blue,https://www.linkedin.com/in/gladwindr/details/certifications/