type,title,organization,badgeLabel,badgeColor,duration,location,description,skills
organizational,President,ICPEP SE - PUP Manila,Leadership,red,September 2025 - Present,"Sta. Mesa, Manila City","Leading the Institute of Computer Engineers of the Philippines - Student Edition at Polytechnic University of the Philippines Manila, overseeing comprehensive organizational operations, strategic planning initiatives, and programs designed to advance computer engineering education and foster professional development among student members.",Technology | Leadership | Operations | Communication | People Management | Strategic Planning
organizational,Vice President for External Affairs,ICPEP.se NCR,Leadership,red,September 2025 - Present,"Metro Manila","Serving as Vice President for External Affairs for the National Capital Region chapter, responsible for managing strategic partnerships, external relations, stakeholder engagement, and coordinating regional initiatives across NCR student chapters to enhance organizational visibility and collaborative opportunities.",Technology | Leadership | External Relations | Partnership Management | Communication
organizational,Vice Chief Technology Officer,Google Developer Groups on Campus PUP,Leadership,red,October 2025 - Present,"Sta. Mesa, Manila City","Supporting organizational technical initiatives through strategic technology leadership, managing cross-functional technology teams, driving innovation projects, and providing mentorship to student developers in emerging technologies and industry best practices.",Technology | Leadership | People Management | Google Cloud | Innovation
professional,IT Service Management Intern,Sun Life Global Solutions - Philippines,Internship,blue,July 2024 - September 2025,"BGC, Taguig City","Executed comprehensive IT infrastructure validation processes through systematic cross-referencing of IP addresses and system data against manual records utilizing advanced Excel formulas. Monitored and escalated infrastructure issues through formal communication channels to ensure prompt resolution. Enhanced the organization's issue-specific dashboard by implementing improved features for data presentation and usability optimization.",Service Management | Enterprise Infrastructure | IT Governance | Data Analysis | Microsoft Excel
professional,IT Service Management Intern,Sun Life Global Solutions - Philippines,Internship,blue,March 2025 - May 2025,"BGC, Taguig City","Supported department-based IT operations through comprehensive Microsoft Excel documentation utilizing advanced formulas for data validation and organization. Assisted in tracking and escalating infrastructure issues through established communication protocols to ensure timely resolution and system reliability.",Service Management | Enterprise Infrastructure | IT Governance | Documentation | Process Management
organizational,Vice President for Operations,CyberPH,Leadership,red,March 2025 - Present,"Sta. Mesa, Manila City","Directed comprehensive operational strategy development, streamlined internal processes for enhanced organizational efficiency, and coordinated nationwide cybersecurity awareness initiatives. Established operational frameworks to support organizational growth and community engagement in cybersecurity education.",Technology | Operations | Marketing | Communication | People Management | Cybersecurity Awareness
organizational,Executive Vice President,ICPEP SE - PUP Manila,Leadership,red,October 2024 - August 2025,"Sta. Mesa, Manila City","Led high-level executive initiatives and organization-wide strategic projects, ensuring successful implementation of academic programs and technology-driven initiatives. Collaborated with executive leadership to enhance organizational effectiveness and student engagement.",Technology | Events Management | Operations | Communication | People Management | Strategic Planning
organizational,Summits and Code Camps Program Manager,DEVCON Manila,Leadership,red,May 2025 - February 2026,"Ortigas, Pasig City","Orchestrated comprehensive planning and execution of regional developer summits and intensive code camps designed to engage and upskill the Philippine technology community. Managed program logistics, speaker coordination, and participant engagement to deliver impactful learning experiences.",Technology | Events Management | Operations | Communication | Program Management
organizational,Event Operations Head,Arduino Day Philippines 2025,Leadership,red,December 2024 - March 2025,"Cubao, Quezon City","Directed comprehensive logistical planning, cross-functional team coordination, and on-ground operations for a nationwide Arduino technology event. Managed venue logistics, participant experience, and operational workflows to ensure successful event execution.",Technology | Events Management | Operations | Communication | Logistics Management
organizational,Chief Technology Officer,Google Developer Groups on Campus PUP,Leadership,red,September 2024 - September 2025,"Sta. Mesa, Manila City","Provided strategic technical leadership defining the organization's technology direction, spearheaded innovation projects leveraging emerging technologies, and mentored student developers in technical skills development and professional growth.",Technology | Communication | People Management | Google Cloud | Technical Leadership
organizational,Chief Community Development Officer,Google Developer Student Clubs PUP,Leadership,red,August 2023 - September 2024,"Sta. Mesa, Manila City","Cultivated and expanded local developer communities through strategic partnerships, comprehensive outreach programs, and inclusive technology events. Developed community engagement strategies to foster collaborative learning environments and technical skill development.",Technology | Communication | People Management | Community Development | Partnership Building
organizational,Community Development Fellow Lead,Google Developer Student Clubs PUP,Leadership,red,December 2022 - August 2023,"Sta. Mesa, Manila City","Coordinated fellowship initiatives across multiple campuses, providing mentorship to team members and driving community engagement strategies. Facilitated knowledge-sharing sessions and collaborative projects to strengthen the developer community ecosystem.",Technology | Communication | People Management | Community Development | Mentorship
organizational,Mobile Developer,Google Developer Student Clubs PUP,Membership,purple,October 2022 - August 2023,"Sta. Mesa, Manila City","Contributed to mobile application development initiatives utilizing Flutter framework, participated in collaborative development projects, and supported technical workshops focused on mobile development best practices and cross-platform solutions.",Technology | Development | Flutter | Mobile Development
organizational,SBD Lead - Cloud Computing and Infrastructure,AWS Cloud Clubs PUP,Leadership,red,October 2024 - August 2025,"Sta. Mesa, Manila City","Directed comprehensive cloud computing learning tracks, hosted technical bootcamps, and enabled student proficiency in AWS technologies and cloud certifications. Advocated for cloud adoption strategies and delivered infrastructure-focused educational workshops.",Technology | Communication | People Management | AWS | Cloud Computing | Business Development
organizational,Director for Cloud Computing,PUP Manila Microsoft Student Community,Leadership,red,July 2024 - August 2025,"Sta. Mesa, Manila City","Led cloud computing initiatives within the Microsoft student community, coordinated collaborative technology projects, and facilitated technical workshops focused on Microsoft Azure technologies and cloud certifications. Promoted cloud computing adoption among student developers.",Technology | Communication | People Management | Microsoft Azure | Cloud Computing
organizational,Student Volunteer,Java User Groups Philippines,Volunteering,green,July 2024 - Present,"Sta. Mesa, Manila City","Actively participated in skill-based learning sprints and coding activities focused on Java development and software engineering excellence. Supported community events and contributed to knowledge-sharing initiatives within the Java developer ecosystem.",Technology | Events Management | Communication | Java Development
organizational,Field Ambassador,KakaComputer,Volunteering,green,January 2025 - Present,"Sta. Mesa, Manila City","Supported event operations management, facilitated participant registration processes, and provided community support during Java meetups and technical presentations. Represented the organization in promoting technology education and community engagement.",Technology | Communication | Writing | Community Support
organizational,Devskolar,The Programmer's Guild,Membership,purple,November 2023 - October 2025,"Sta. Mesa, Manila City","Advanced technology education initiatives in local communities through grassroots awareness programs and technical literacy support. Contributed to democratizing access to technology education and fostering inclusive learning environments.",Technology | Communication | Education | Community Outreach
organizational,Food Logistics Volunteer,TedxUPV Women: Anchored in Tech,Volunteering,green,October 2024 - November 2024,"Aseana, Paranaque City","Managed comprehensive food logistics operations and provided event coordination support for a women-led TEDx event focused on technology and innovation. Ensured seamless catering operations and enhanced participant experience through efficient logistical management.",Logistics | Management | Volunteering | Event Coordination
competetive,🏆 Champion - Technical Lead & Product Manager,Diwata Overcode - GDSC Loyola's Hackfest 2024,Champion,gold,April 2024,"Ateneo de Loyola University, Quezon City","Led technical development and comprehensive product design for an innovative solution addressing business education challenges, securing first place among competing teams. Directed cross-functional collaboration, technical architecture decisions, and product strategy to deliver a winning solution.",Technology | Business Analysis | Development | Leadership | Product Management
competetive,🥈 Top 2 Finalist - Software Developer & Business Analyst,Team GDHC - PUP Technology Festival 2025,Finalist,silver,March 2025,"Sta. Mesa, Manila City","Contributed comprehensive software development and business analysis expertise for Team GDHC (Great Developers Hacking Code), achieving Top 2 finalist position in the university-wide technology competition. Developed technical solutions and conducted market analysis to support competitive positioning.",Technology | Software Development | Business Analysis | Development | Team Collaboration
competetive,🥉 4th Runner Up - Software Developer & Business Analyst,Team Disipet - PUP Uthack ang Puhunan 2025,Runner Up,bronze,February 2025,"Sta. Mesa, Manila City","Provided dual expertise as software developer and business analyst for Team Disipet, securing 4th Runner Up position in an entrepreneurship and technology hackathon competition. Developed technical solutions while conducting business viability analysis and market research.",Technology | Software Development | Business Analysis | Development | Entrepreneurship
competetive,Business Analyst & Product Manager,Phildev Inter-university TechUP Hackathon,Member,purple,August 2024,"Jose Rizal University, San Juan City","Defined comprehensive product scope, conducted user needs analysis, and coordinated development efforts for a technology-driven social impact solution. Applied product management methodologies to align technical development with stakeholder requirements and social impact objectives.",Technology | Business Analysis | Development | Product Management
competetive,Blockchain Developer,TON Society - Manila Bootcamp: Hackers League Hackathon,Member,purple,November 2024,Pasay City,"Developed decentralized applications utilizing TON blockchain infrastructure and tools, contributed smart contract logic implementation, and integrated Web3 technologies. Applied blockchain development best practices to create functional distributed applications.",Technology | Business Analysis | Development | Blockchain | Smart Contracts | Web3
competetive,Business Analyst & Product Manager,UP Socompscie - HACKathon 2024,Member,purple,November 2024,Metro Manila,"Led comprehensive ideation processes and product planning initiatives, conducted extensive user research, and aligned development efforts with target stakeholder needs. Applied design thinking methodologies to develop user-centric technology solutions.",Technology | Business Analysis | Development | Product Management | User Research
